　奇迹/奇迹年代/Nice View,magnet:?xt=urn:btih:5113ba28bb2e6264e9766fdd1d04a5acab4168f2&dn=[电影天堂www.dytt89.com]奇迹・笨小孩-2022_HD国语中字.mp4&tr=http://t.t789.me:2710/announce&tr=http://t.t789.co:2710/announce&tr=http://t.t789.vip:2710/announce
　Too Cool To Kill,magnet:?xt=urn:btih:1463cee8534c6ba7b144e05fa96e5ab71b6f5b2a&dn=[电影天堂www.dytt89.com]这个杀手不太冷静-2022_HD国语中字.mp4&tr=http://t.t789.me:2710/announce&tr=http://t.t789.co:2710/announce&tr=http://t.t789.vip:2710/announce
　月球坠落,magnet:?xt=urn:btih:1726efb9a02bccb3dc7654917066a7e9bb1dace9&dn=[电影天堂www.dytt89.com]月球陨落-2022_BD中英双字.mp4&tr=http://t.t789.me:2710/announce&tr=http://t.t789.co:2710/announce&tr=http://t.t789.vip:2710/announce
　最冷的枪/Snipers,magnet:?xt=urn:btih:a01f9994f1ac1fb291f81c087303f401ff3e3549&dn=[电影天堂www.dytt89.com]狙击手-2022_HD国语中字.mp4&tr=http://t.t789.me:2710/announce&tr=http://t.t789.co:2710/announce&tr=http://t.t789.vip:2710/announce
　绅士们/Bush/Toff Guys/布什/有钱人/灌木/疯狂绅士帮(港)/纨绔子弟/绅士/绅士追杀令(台),magnet:?xt=urn:btih:0b155b7fdef9902451a79585655453cd5c91818f&dn=[电影天堂www.dytt89.com]绅士们-2019_蓝光中英双字.mp4&tr=http://t.t789.me:2710/announce&tr=http://t.t789.co:2710/announce&tr=http://t.t789.vip:2710/announce
　熊抱青春记(港)/青春养成记(台)/变红,magnet:?xt=urn:btih:5908b977988389398fb17a6bf31a6769042a1d22&dn=[电影天堂www.dytt89.com]青春变形记-2022_BD国粤英三语中字.mp4&tr=http://t.t789.me:2710/announce&tr=http://t.t789.co:2710/announce&tr=http://t.t789.vip:2710/announce
　黑客帝国4：矩阵重生/骇客帝国4/骇客任务：复活(台)/22世纪杀人网络：复活次元(港)/骇客任务4/黑客帝国：复兴,magnet:?xt=urn:btih:5c66408604ec70cde0b89c1dd0a96587bf3b8db3&dn=[电影天堂www.dytt89.com]黑客帝国：矩阵重启-2021_蓝光国英双语中英双字V3.mp4&tr=http://t.t789.me:2710/announce&tr=http://t.t789.co:2710/announce&tr=http://t.t789.vip:2710/announce
　奇迹/奇迹年代/Nice View,magnet:?xt=urn:btih:5113ba28bb2e6264e9766fdd1d04a5acab4168f2&dn=[电影天堂www.dytt89.com]奇迹・笨小孩-2022_HD国语中字.mp4&tr=http://t.t789.me:2710/announce&tr=http://t.t789.co:2710/announce&tr=http://t.t789.vip:2710/announce
　Too Cool To Kill,magnet:?xt=urn:btih:1463cee8534c6ba7b144e05fa96e5ab71b6f5b2a&dn=[电影天堂www.dytt89.com]这个杀手不太冷静-2022_HD国语中字.mp4&tr=http://t.t789.me:2710/announce&tr=http://t.t789.co:2710/announce&tr=http://t.t789.vip:2710/announce
　月球坠落,magnet:?xt=urn:btih:1726efb9a02bccb3dc7654917066a7e9bb1dace9&dn=[电影天堂www.dytt89.com]月球陨落-2022_BD中英双字.mp4&tr=http://t.t789.me:2710/announce&tr=http://t.t789.co:2710/announce&tr=http://t.t789.vip:2710/announce
　最冷的枪/Snipers,magnet:?xt=urn:btih:a01f9994f1ac1fb291f81c087303f401ff3e3549&dn=[电影天堂www.dytt89.com]狙击手-2022_HD国语中字.mp4&tr=http://t.t789.me:2710/announce&tr=http://t.t789.co:2710/announce&tr=http://t.t789.vip:2710/announce
　绅士们/Bush/Toff Guys/布什/有钱人/灌木/疯狂绅士帮(港)/纨绔子弟/绅士/绅士追杀令(台),magnet:?xt=urn:btih:0b155b7fdef9902451a79585655453cd5c91818f&dn=[电影天堂www.dytt89.com]绅士们-2019_蓝光中英双字.mp4&tr=http://t.t789.me:2710/announce&tr=http://t.t789.co:2710/announce&tr=http://t.t789.vip:2710/announce
　熊抱青春记(港)/青春养成记(台)/变红,magnet:?xt=urn:btih:5908b977988389398fb17a6bf31a6769042a1d22&dn=[电影天堂www.dytt89.com]青春变形记-2022_BD国粤英三语中字.mp4&tr=http://t.t789.me:2710/announce&tr=http://t.t789.co:2710/announce&tr=http://t.t789.vip:2710/announce
　黑客帝国4：矩阵重生/骇客帝国4/骇客任务：复活(台)/22世纪杀人网络：复活次元(港)/骇客任务4/黑客帝国：复兴,magnet:?xt=urn:btih:5c66408604ec70cde0b89c1dd0a96587bf3b8db3&dn=[电影天堂www.dytt89.com]黑客帝国：矩阵重启-2021_蓝光国英双语中英双字V3.mp4&tr=http://t.t789.me:2710/announce&tr=http://t.t789.co:2710/announce&tr=http://t.t789.vip:2710/announce
"　镖师虎墩/虎墩小镖师/Run, Tiger Run!",magnet:?xt=urn:btih:13fe89d507cb4868bc32d67d6ab3f237cdc74a7d&dn=[电影天堂www.dytt89.com]小虎墩大英雄-2022_HD国语中字.mp4&tr=http://t.t789.me:2710/announce&tr=http://t.t789.co:2710/announce&tr=http://t.t789.vip:2710/announce
　新蜘蛛侠3/蜘蛛侠：无回之战/蜘蛛侠：不战无归(港)/蜘蛛人：无家日(台)/蜘蛛侠3：英雄末路/蜘蛛侠3：无家可归/Spider-Man 3/Spider-Man: Phone Home/Spider-Man: Home-Wrecker/Spider-Man: Home Slice,magnet:?xt=urn:btih:a3e2204195d62cac648db9faa7b56952f41982ad&dn=[电影天堂www.dytt89.com]蜘蛛侠：英雄无归-2021_蓝光中英双字.mp4&tr=http://t.t789.me:2710/announce&tr=http://t.t789.co:2710/announce&tr=http://t.t789.vip:2710/announce
　G Storm,magnet:?xt=urn:btih:3eecff859929a7a8993f31f2b733a2c30cf9b685&dn=[电影天堂www.dytt89.com]反贪风暴5：最终章-2021_HD国粤双语中字.mp4&tr=http://t.t789.me:2710/announce&tr=http://t.t789.co:2710/announce&tr=http://t.t789.vip:2710/announce
　皇家特工：第一任务(港)/金牌特务：金士曼起源(台)/王牌特工前传/王牌特工：大博弈/王牌特工：伟大的游戏/王牌特工：伟大游戏/Kingsman 3/Kingsman: The Great Game,magnet:?xt=urn:btih:3617dce681ac1cb876ed3035c7469a04b1412173&dn=[电影天堂www.dytt89.com]王牌特工：源起-2021_蓝光特效中英双字.mp4&tr=http://t.t789.me:2710/announce&tr=http://t.t789.co:2710/announce&tr=http://t.t789.vip:2710/announce
　江城子&middot;在武汉/我和我的武汉/在武汉/拥抱你&middot;在武汉/Embrace Again,magnet:?xt=urn:btih:3cf8e705c73844f2531cc33fa3186ab03d38113a&dn=[电影天堂www.dytt89.com]穿过寒冬拥抱你-2021_HD国语中字.mp4&tr=http://t.t789.me:2710/announce&tr=http://t.t789.co:2710/announce&tr=http://t.t789.vip:2710/announce
　I Am What I Am,magnet:?xt=urn:btih:fd27b009424a20aec93312d4822de0bdc9434550&dn=[电影天堂www.dytt89.com]雄狮少年-2021_HD国粤双语中字.mp4&tr=http://t.t789.me:2710/announce&tr=http://t.t789.co:2710/announce&tr=http://t.t789.vip:2710/announce
　Fireflies in the Sun,magnet:?xt=urn:btih:5d71492d91b544db9411eae4852d5c035fbc1de7&dn=[电影天堂www.dytt89.com]误杀2-2021_4K国语中字.mp4&tr=http://t.t789.me:2710/announce&tr=http://t.t789.co:2710/announce&tr=http://t.t789.vip:2710/announce
　李茂换太子/Another Me,magnet:?xt=urn:btih:f7a706fb54e5b943d624032f4b6073a42edb04d1&dn=[电影天堂www.dytt89.com]李茂扮太子-2022_HD国语中字.mp4&tr=http://t.t789.me:2710/announce&tr=http://t.t789.co:2710/announce&tr=http://t.t789.vip:2710/announce
